<?xml version="1.0" encoding="UTF-8"?>
<component name="accounts" type="synapse/template">
    <subComponents>
        <component name="getAccounts">
            <file>getAccounts.xml</file>
            <description>Get flight accounts that match the account type or account name in the given query.</description>
        </component>
        <component name="getAccountById">
            <file>getAccountById.xml</file>
            <description>Get flight accounts that match the ID in the given query.</description>
        </component>
        <component name="createAccount">
            <file>createAccount.xml</file>
            <description>Create a list of accounts in the given payload.</description>
        </component>
    </subComponents>
</component>