<?xml version="1.0" encoding="UTF-8"?>
<template xmlns="http://ws.apache.org/ns/synapse" name="createAccount">
    <parameter name="user_id" description="Id of the user or system querying the data" />
    <parameter name="client_id" description="Client id for the endpoint" />
    <parameter name="client_secret" description="Secret id for the endpoint" />
    <sequence>

        <header name="user_id" scope="transport" expression="$func:user_id"/>
        <header name="client_id" scope="transport" expression="$func:client_id"/>
        <header name="client_secret" scope="transport" expression="$func:client_secret"/>
        <header name="content-type" scope="transport" value="application/json"/>
        <call>
            <endpoint>
                <http method="post" uri-template="http://diy-accounts-api.us-w2.cloudhub.io:80/accounts" />
            </endpoint>
        </call>
    </sequence>
</template>