<?xml version="1.0" encoding="UTF-8"?>
<template xmlns="http://ws.apache.org/ns/synapse" name="getAccountById">
    <parameter name="account_id" description="The id of the account" />
    <parameter name="user_id" description="Id of the user or system querying the data" />
    <parameter name="client_id" description="Client id for the endpoint" />
    <parameter name="client_secret" description="Secret id for the endpoint" />
    <sequence>
        <property name="uri.var.account_id" expression="$func:account_id" />
        <header name="user_id" scope="transport" expression="$func:user_id"/>
        <header name="client_id" scope="transport" expression="$func:client_id"/>
        <header name="client_secret" scope="transport" expression="$func:client_secret"/>
        <call>
            <endpoint>
                <http method="get" uri-template="http://diy-accounts-api.us-w2.cloudhub.io:80/accounts/{uri.var.account_id}" />
            </endpoint>
        </call>
    </sequence>
</template>