<?xml version="1.0" encoding="UTF-8"?>
<template xmlns="http://ws.apache.org/ns/synapse" name="getAccounts">
    <parameter name="account_type" description="The type of the account (business|personal)" />
    <parameter name="account_name" description="The name of the person holding the account (eg: Max+Mustermann)" />
    <parameter name="user_id" description="Id of the user or system querying the data" />
    <parameter name="client_id" description="Client id for the endpoint" />
    <parameter name="client_secret" description="Secret id for the endpoint" />
    <sequence>
        <property name="uri.var.account_type" expression="$func:account_type" />
        <property name="uri.var.account_name" expression="$func:account_name" />
        <header name="user_id" scope="transport" expression="$func:user_id"/>
        <header name="client_id" scope="transport" expression="$func:client_id"/>
        <header name="client_secret" scope="transport" expression="$func:client_secret"/>

        <filter xpath="$ctx:uri.var.account_type">
            <then>
                <filter xpath="$ctx:uri.var.account_name">
                    <then>
                        <call>
                            <endpoint>
                                <http method="get" uri-template="http://diy-accounts-api.us-w2.cloudhub.io:80/accounts?account_name={uri.var.account_name}&amp;account_type={uri.var.account_type}" />
                            </endpoint>
                        </call>
                    </then>
                    <else>
                        <call>
                            <endpoint>
                                <http method="get" uri-template="http://diy-accounts-api.us-w2.cloudhub.io:80/accounts?account_type={uri.var.account_type}" />
                            </endpoint>
                        </call>
                    </else>
                </filter>
            </then>
            <else>
                <filter xpath="$ctx:uri.var.account_name">
                    <then>
                        <call>
                            <endpoint>
                                <http method="get" uri-template="http://diy-accounts-api.us-w2.cloudhub.io:80/accounts?account_name={uri.var.account_name}" />
                            </endpoint>
                        </call>
                    </then>
                    <else>
                        <call>
                            <endpoint>
                                <http method="get" uri-template="http://diy-accounts-api.us-w2.cloudhub.io:80/accounts" />
                            </endpoint>
                        </call>
                    </else>
                </filter>
            </else>
        </filter>

    </sequence>
</template>