{
    "connectorName": "flightaccounts",
    "operationName": "createAccount",
    "title": "create flights customer accounts",
    "help": "<h1>create Accounts</h1> <b>The creatAccounts operation creates an array of accounts sent in the request body</b><br><br><ul><li><a href=\"https://mi.docs.wso2.com/en/latest/reference/connectors/develop-connectors/\"> More Help </a></li></ul>",
    "elements": [
      {
        "type": "attributeGroup",
        "value": {
          "groupName": "General",
          "elements": [
            {
              "type": "attributeGroup",
              "value": {
                "groupName": "Authentication",
                "elements": [
                  {
                    "type": "attribute",
                    "value": {
                      "name": "user_id",
                      "displayName": "User Id",
                      "inputType": "stringOrExpression",
                      "defaultValue": "",
                      "required": "true",
                      "helpTip": "Identifier of the User or System requesting the data"
                    }
                  },
                  {
                    "type": "attribute",
                    "value": {
                      "name": "client_id",
                      "displayName": "Client Id",
                      "inputType": "stringOrExpression",
                      "defaultValue": "",
                      "required": "true",
                      "helpTip": "Authentication ID"
                    }
                  },
                  {
                    "type": "attribute",
                    "value": {
                      "name": "client_secret",
                      "displayName": "Client Secret",
                      "inputType": "stringOrExpression",
                      "defaultValue": "",
                      "required": "true",
                      "helpTip": "Authentication Secret"
                    }
                  }
                ]
              }
            }
          ]
        }
      }
    ]
  }