{
    "connectorName": "flightaccounts",
    "operationName": "getAccounts",
    "title": "get flights customer accounts",
    "help": "<h1>Get Accounts</h1> <b>The getAccounts operation returns the accounts.</b><br><br><ul><li><a href=\"https://mi.docs.wso2.com/en/latest/reference/connectors/develop-connectors/\"> More Help </a></li></ul>",
    "elements": [
      {
        "type": "attributeGroup",
        "value": {
          "groupName": "General",
          "elements": [
            {
              "type": "attributeGroup",
              "value": {
                "groupName": "Authentication",
                "elements": [
                  {
                    "type": "attribute",
                    "value": {
                      "name": "user_id",
                      "displayName": "User Id",
                      "inputType": "stringOrExpression",
                      "defaultValue": "",
                      "required": "true",
                      "helpTip": "Identifier of the User or System requesting the data"
                    }
                  },
                  {
                    "type": "attribute",
                    "value": {
                      "name": "client_id",
                      "displayName": "Client Id",
                      "inputType": "stringOrExpression",
                      "defaultValue": "",
                      "required": "true",
                      "helpTip": "Authentication ID"
                    }
                  },
                  {
                    "type": "attribute",
                    "value": {
                      "name": "client_secret",
                      "displayName": "Client Secret",
                      "inputType": "stringOrExpression",
                      "defaultValue": "",
                      "required": "true",
                      "helpTip": "Authentication Secret"
                    }
                  }
                ]
              }
            },
            {
              "type": "attributeGroup",
              "value": {
                "groupName": "Filter Parameters",
                "elements": [
                    {
                        "type": "attribute",
                        "value": {
                          "name": "account_name",
                          "displayName": "Account Name",
                          "inputType": "stringOrExpression",
                          "defaultValue": "",
                          "required": "false",
                          "helpTip": "Name of the customer/account requested"
                        }
                    },
                    {
                        "type": "attribute",
                        "value": {
                          "name": "account_type",
                          "displayName": "Account type",
                          "inputType": "stringOrExpression",
                          "defaultValue": "",
                          "required": "false",
                          "helpTip": "Type of the Accounts requested (business ,personal)"
                        }
                    }
                ]
              }
            }
          ]
        }
      }
    ]
  }