{
    "connectorName": "flightaccounts",
    "operationName": "getAccountById",
    "title": "get flights customer account by ID",
    "help": "<h1>Get Account by Id</h1> <b>The getAccounts operation returns the customer account matching the ID.</b><br><br><ul><li><a href=\"https://mi.docs.wso2.com/en/latest/reference/connectors/develop-connectors/\"> More Help </a></li></ul>",
    "elements": [
      {
        "type": "attributeGroup",
        "value": {
          "groupName": "General",
          "elements": [
            {
              "type": "attributeGroup",
              "value": {
                "groupName": "Authentication",
                "elements": [
                  {
                    "type": "attribute",
                    "value": {
                      "name": "user_id",
                      "displayName": "User Id",
                      "inputType": "stringOrExpression",
                      "defaultValue": "",
                      "required": "true",
                      "helpTip": "Identifier of the User or System requesting the data"
                    }
                  },
                  {
                    "type": "attribute",
                    "value": {
                      "name": "client_id",
                      "displayName": "Client Id",
                      "inputType": "stringOrExpression",
                      "defaultValue": "",
                      "required": "true",
                      "helpTip": "Authentication ID"
                    }
                  },
                  {
                    "type": "attribute",
                    "value": {
                      "name": "client_secret",
                      "displayName": "Client Secret",
                      "inputType": "stringOrExpression",
                      "defaultValue": "",
                      "required": "true",
                      "helpTip": "Authentication Secret"
                    }
                  }
                ]
              }
            },
            {
              "type": "attributeGroup",
              "value": {
                "groupName": "Filter Parameters",
                "elements": [
                    {
                        "type": "attribute",
                        "value": {
                          "name": "account_id",
                          "displayName": "Account ID",
                          "inputType": "stringOrExpression",
                          "defaultValue": "",
                          "required": "false",
                          "helpTip": "Id of the customer/account requested"
                        }
                    }
                ]
              }
            }
          ]
        }
      }
    ]
  }